{
    "task_index": {
        "min": [
            0
        ],
        "max": [
            0
        ],
        "mean": [
            0.0
        ],
        "std": [
            0.0
        ],
        "count": [
            7799
        ],
        "q01": [
            3.9999999999994176e-16
        ],
        "q10": [
            3.999999999999417e-15
        ],
        "q50": [
            1.999999999999709e-14
        ],
        "q90": [
            3.599999999999475e-14
        ],
        "q99": [
            3.9599999999994235e-14
        ]
    },
    "observation.state": {
        "min": [
            -75.82417297363281,
            -99.82417297363281,
            5.142857074737549,
            -57.89011001586914,
            -86.37362670898438,
            0.9096816182136536
        ],
        "max": [
            59.912086486816406,
            26.593406677246094,
            97.80220031738281,
            95.16483306884766,
            62.373626708984375,
            98.37557220458984
        ],
        "mean": [
            -1.6798644258297626,
            -40.50475135903003,
            53.73167717311608,
            64.13242324282993,
            2.183962917179614,
            69.67606912537835
        ],
        "std": [
            26.66606909075671,
            29.93874393832005,
            18.228219196424362,
            30.944273365812872,
            27.16356251695941,
            37.71944184344755
        ],
        "count": [
            7799
        ],
        "q01": [
            -25.78989768407638,
            -81.38655473658808,
            29.515970763372664,
            32.69138764503044,
            -21.55835455388567,
            10.996716200654678
        ],
        "q10": [
            -21.383276179777848,
            -75.62304719516823,
            35.17227807741502,
            42.525859734995215,
            -15.500139239850716,
            14.031488443712467
        ],
        "q50": [
            -9.26009926431336,
            -42.49165349943941,
            55.38941491176294,
            62.85802285792874,
            -3.2918439428454858,
            84.45639549358336
        ],
        "q90": [
            37.880476024239805,
            -2.1211094069313714,
            69.57157120563338,
            86.95378404910014,
            32.60681632587417,
            98.11183429425802
        ],
        "q99": [
            47.43820036954674,
            1.7859204602096366,
            72.76688679186044,
            89.07849301980987,
            40.656622177137706,
            98.21310376984694
        ]
    },
    "index": {
        "min": [
            0
        ],
        "max": [
            7798
        ],
        "mean": [
            3899.0
        ],
        "std": [
            2251.377356197757
        ],
        "count": [
            7799
        ],
        "q01": [
            3711.0203940719625
        ],
        "q10": [
            3745.622208549734
        ],
        "q50": [
            3898.699771919477
        ],
        "q90": [
            4052.3245353917964
        ],
        "q99": [
            4086.9796059280384
        ]
    },
    "action": {
        "min": [
            -76.03641510009766,
            -100.00004577636719,
            1.3635821342468262,
            -58.98830032348633,
            -86.76611328125,
            0.0
        ],
        "max": [
            60.146728515625,
            27.318246841430664,
            96.82986450195312,
            94.99983978271484,
            63.03712844848633,
            100.0
        ],
        "mean": [
            -1.6199503997848315,
            -41.911305752942646,
            51.5055290326841,
            63.793848171434675,
            2.210499606647312,
            66.6845756082722
        ],
        "std": [
            26.694282142158016,
            29.16568684198866,
            18.377800555186734,
            31.12395950248052,
            27.19710129221426,
            43.266614712412526
        ],
        "count": [
            7799
        ],
        "q01": [
            -25.71405725414164,
            -81.61890698418861,
            25.68982000514014,
            31.610677607424204,
            -21.78780294146044,
            0.04316095286954028
        ],
        "q10": [
            -21.25243909213769,
            -75.89794574062067,
            32.77774081450271,
            41.96289206670024,
            -15.544342486417237,
            0.04388421666269555
        ],
        "q50": [
            -9.220019129722013,
            -44.27480086541693,
            53.18271018327972,
            62.53813626421065,
            -3.2445070369990456,
            85.45914012432694
        ],
        "q90": [
            37.92329952799061,
            -4.491962146640825,
            67.65081032202195,
            86.77914323559885,
            32.649737272129286,
            99.7236240802248
        ],
        "q99": [
            47.6089903181511,
            0.8888494260073595,
            71.82511877013471,
            89.06677791269333,
            40.992026052618044,
            99.99876361787376
        ]
    },
    "episode_index": {
        "min": [
            0
        ],
        "max": [
            21
        ],
        "mean": [
            9.920117963841518
        ],
        "std": [
            6.062325707613125
        ],
        "count": [
            7799
        ],
        "q01": [
            9.920117963841518
        ],
        "q10": [
            9.920117963841522
        ],
        "q50": [
            9.920117963841538
        ],
        "q90": [
            9.920117963841557
        ],
        "q99": [
            9.920117963841559
        ]
    },
    "timestamp": {
        "min": [
            0.0
        ],
        "max": [
            19.0
        ],
        "mean": [
            6.374526648715648
        ],
        "std": [
            4.234946570936866
        ],
        "count": [
            7799
        ],
        "q01": [
            0.10853978435267825
        ],
        "q10": [
            1.2619336002958956
        ],
        "q50": [
            6.36451904603137
        ],
        "q90": [
            11.485344495186412
        ],
        "q99": [
            12.640513513078618
        ]
    },
    "observation.images.realsense": {
        "min": [
            [
                [
                    0.0
                ]
            ],
            [
                [
                    0.0
                ]
            ],
            [
                [
                    0.0
                ]
            ]
        ],
        "max": [
            [
                [
                    1.0
                ]
            ],
            [
                [
                    1.0
                ]
            ],
            [
                [
                    1.0
                ]
            ]
        ],
        "mean": [
            [
                [
                    0.3557484500831583
                ]
            ],
            [
                [
                    0.36708872065753384
                ]
            ],
            [
                [
                    0.34613668410072357
                ]
            ]
        ],
        "std": [
            [
                [
                    0.03595031968060949
                ]
            ],
            [
                [
                    0.02878840990138581
                ]
            ],
            [
                [
                    0.01901314635894018
                ]
            ]
        ],
        "count": [
            2240
        ],
        "q01": [
            [
                [
                    0.0111872358805886
                ]
            ],
            [
                [
                    0.03609374825099162
                ]
            ],
            [
                [
                    0.007666840767531359
                ]
            ]
        ],