{
    "episode_index": {
        "min": [
            0
        ],
        "max": [
            1
        ],
        "mean": [
            0.6323366555924695
        ],
        "std": [
            0.48216906743029475
        ],
        "count": [
            903
        ],
        "q01": [
            0.6323366555924699
        ],
        "q10": [
            0.6323366555924735
        ],
        "q50": [
            0.6323366555924894
        ],
        "q90": [
            0.6323366555925055
        ],
        "q99": [
            0.6323366555925092
        ]
    },
    "index": {
        "min": [
            0
        ],
        "max": [
            902
        ],
        "mean": [
            451.0
        ],
        "std": [
            260.67348669679984
        ],
        "count": [
            903
        ],
        "q01": [
            214.18972295449757
        ],
        "q10": [
            258.112013599034
        ],
        "q50": [
            450.8656679955702
        ],
        "q90": [
            643.887986400966
        ],
        "q99": [
            687.8102770455025
        ]
    },
    "observation.images.realsense": {
        "min": [
            [
                [
                    0.0
                ]
            ],
            [
                [
                    0.0
                ]
            ],
            [
                [
                    0.0
                ]
            ]
        ],
        "max": [
            [
                [
                    1.0
                ]
            ],
            [
                [
                    1.0
                ]
            ],
            [
                [
                    1.0
                ]
            ]
        ],
        "mean": [
            [
                [
                    0.28779338575708063
                ]
            ],
            [
                [
                    0.30759309470315904
                ]
            ],
            [
                [
                    0.29827358974068024
                ]
            ]
        ],
        "std": [
            [
                [
                    0.0027899024123807566
                ]
            ],
            [
                [
                    0.003958164466802073
                ]
            ],
            [
                [
                    0.0068321689204237515
                ]
            ]
        ],
        "count": [
            216
        ],
        "q01": [
            [
                [
                    -3.921568627450981e-13
                ]
            ],
            [
                [
                    0.017507409217937666
                ]
            ],
            [
                [
                    -3.921568627450981e-13
                ]
            ]
        ],
        "q10": [
            [
                [
                    0.013498386544310419
                ]
            ],
            [
                [
                    0.035094195595292796
                ]
            ],
            [
                [
                    0.017176567714446245
                ]
            ]
        ],
        "q50": [
            [
                [
                    0.12488887435295297
                ]
            ],
            [
                [
                    0.16415898922220679
                ]
            ],
            [
                [
                    0.15382236624197831
                ]
            ]
        ],
        "q90": [
            [
                [
                    0.9861317975259879
                ]
            ],
            [
                [
                    0.9960494371649433
                ]
            ],
            [
                [
                    0.982111049074809
                ]
            ]
        ],
        "q99": [
            [
                [
                    0.9961172804283565
                ]
            ],
            [
                [
                    0.9999779124862093
                ]
            ],
            [
                [
                    0.9961759872276974
                ]
            ]
        ]
    },
    "task_index": {
        "min": [
            0
        ],
        "max": [
            0
        ],
        "mean": [
            0.0
        ],
        "std": [
            0.0
        ],
        "count": [
            903
        ],
        "q01": [
            3.9999999999994176e-16
        ],
        "q10": [
            3.999999999999417e-15
        ],
        "q50": [
            1.9999999999997088e-14
        ],
        "q90": [
            3.5999999999994754e-14
        ],
        "q99": [
            3.9599999999994235e-14
        ]
    },
    "frame_index": {
        "min": [
            0
        ],
        "max": [
            570
        ],
        "mean": [
            241.06423034330012
        ],
        "std": [
            154.52391169432553
        ],
        "count": [
            903
        ],
        "q01": [
            4.253953297797675
        ],
        "q10": [
            48.176243942334146
        ],
        "q50": [
            240.8578119601328
        ],
        "q90": [
            433.9522167442661
        ],
        "q99": [
            477.8745073888025
        ]
    },
    "observation.images.webcam": {
        "min": [
            [
                [
                    0.0
                ]
            ],
            [
                [
                    0.0
                ]
            ],
            [
                [
                    0.0
                ]
            ]
        ],
        "max": [
            [
                [
                    1.0
                ]
            ],
            [
                [
                    1.0
                ]
            ],
            [
                [
                    1.0
                ]
            ]
        ],
        "mean": [
            [
                [
                    0.4008680820321956
                ]
            ],
            [
                [
                    0.3803584729030501
                ]
            ],
            [
                [
                    0.386545613577221
                ]
            ]
        ],
        "std": [
            [
                [
                    0.006484637781419288
                ]
            ],
            [
                [
                    0.00536890192598909
                ]
            ],
            [
                [
                    0.004555119555040044
                ]
            ]
        ],
        "count": [
            216
        ],
        "q01": [
            [
                [
                    0.007929239596777424
                ]
            ],
            [
                [
                    0.01164585598972802
                ]
            ],
            [
                [
                    0.011652415123778433
                ]
            ]
        ],
        "q10": [
            [
                [
                    0.02346273064387729
                ]
            ],
            [
                [
                    0.02352424218682166
                ]
            ],
            [
                [
                    0.037413721483296976
                ]
            ]
        ],
        "q50": [
            [
                [
                    0.3262651968776597
                ]
            ],
            [
                [
                    0.3024672862448971
                ]
            ],
            [
                [
                    0.3118554482800016
                ]
            ]
        ],