{
    "episode_index": {
        "min": [
            0
        ],
        "max": [
            35
        ],
        "mean": [
            17.05892799483371
        ],
        "std": [
            10.79462706196128
        ],
        "count": [
            12388
        ],
        "q01": [
            17.05892799483371
        ],
        "q10": [
            17.058927994833713
        ],
        "q50": [
            17.058927994833724
        ],
        "q90": [
            17.058927994833745
        ],
        "q99": [
            17.05892799483375
        ]
    },
    "observation.images.webcam": {
        "min": [
            [
                [
                    0.0
                ]
            ],
            [
                [
                    0.0
                ]
            ],
            [
                [
                    0.0
                ]
            ]
        ],
        "max": [
            [
                [
                    1.0
                ]
            ],
            [
                [
                    1.0
                ]
            ],
            [
                [
                    1.0
                ]
            ]
        ],
        "mean": [
            [
                [
                    0.4137543959755686
                ]
            ],
            [
                [
                    0.39626445327836674
                ]
            ],
            [
                [
                    0.4031747167948451
                ]
            ]
        ],
        "std": [
            [
                [
                    0.05399288128989966
                ]
            ],
            [
                [
                    0.05397625716702941
                ]
            ],
            [
                [
                    0.05486961958423213
                ]
            ]
        ],
        "count": [
            3679
        ],
        "q01": [
            [
                [
                    0.018165136506534372
                ]
            ],
            [
                [
                    0.021006618307306046
                ]
            ],
            [
                [
                    0.02426084468084931
                ]
            ]
        ],
        "q10": [
            [
                [
                    0.04060735902937568
                ]
            ],
            [
                [
                    0.04266175000728709
                ]
            ],
            [
                [
                    0.05564188256951004
                ]
            ]
        ],
        "q50": [
            [
                [
                    0.3481614670637
                ]
            ],
            [
                [
                    0.326237733989131
                ]
            ],
            [
                [
                    0.33594880675059957
                ]
            ]
        ],
        "q90": [
            [
                [
                    0.9510596411924531
                ]
            ],
            [
                [
                    0.9169938704484848
                ]
            ],
            [
                [
                    0.908082438553899
                ]
            ]
        ],
        "q99": [
            [
                [
                    0.9999721635551239
                ]
            ],
            [
                [
                    0.9922064704358479
                ]
            ],
            [
                [
                    0.9961550444228824
                ]
            ]
        ]
    },
    "task_index": {
        "min": [
            0
        ],
        "max": [
            0
        ],
        "mean": [
            0.0
        ],
        "std": [
            0.0
        ],
        "count": [
            12388
        ],
        "q01": [
            3.9999999999994176e-16
        ],
        "q10": [
            3.999999999999416e-15
        ],
        "q50": [
            1.999999999999709e-14
        ],
        "q90": [
            3.599999999999477e-14
        ],
        "q99": [
            3.959999999999424e-14
        ]
    },
    "observation.images.realsense": {
        "min": [
            [
                [
                    0.0
                ]
            ],
            [
                [
                    0.0
                ]
            ],
            [
                [
                    0.0
                ]
            ]
        ],
        "max": [
            [
                [
                    1.0
                ]
            ],
            [
                [
                    1.0
                ]
            ],
            [
                [
                    1.0
                ]
            ]
        ],
        "mean": [
            [
                [
                    0.3436363274289511
                ]
            ],
            [
                [
                    0.36009224048299215
                ]
            ],
            [
                [
                    0.33950135101494605
                ]
            ]
        ],
        "std": [
            [
                [
                    0.03200582560431176
                ]
            ],
            [
                [
                    0.024295495661655474
                ]
            ],
            [
                [
                    0.01718463361466803
                ]
            ]
        ],
        "count": [
            3679
        ],
        "q01": [
            [
                [
                    0.008981495476393256
                ]
            ],
            [
                [
                    0.03578090532774743
                ]
            ],
            [
                [
                    0.005876096135490169
                ]
            ]
        ],
        "q10": [
            [
                [
                    0.04512006758728906
                ]
            ],
            [
                [
                    0.0698906093585973
                ]
            ],
            [
                [
                    0.03677710464792293
                ]
            ]
        ],
        "q50": [
            [
                [
                    0.26550601047991346
                ]
            ],
            [
                [
                    0.2806771978106113
                ]
            ],
            [
                [
                    0.2603215497843224
                ]
            ]
        ],
        "q90": [
            [
                [
                    0.9044410210883927
                ]
            ],
            [
                [
                    0.9005384391898965
                ]
            ],
            [
                [
                    0.8783875008105181
                ]
            ]
        ],
        "q99": [
            [
                [
                    0.9951455082074804
                ]
            ],
            [
                [
                    0.9999668787478965
                ]
            ],
            [
                [
                    0.9948662826618974
                ]
            ]
        ]
    },
    "index": {
        "min": [
            0
        ],
        "max": [
            12387
        ],
        "mean": [
            6193.5
        ],
        "std": [
            3576.10755570914
        ],
        "count": [
            12388
        ],
        "q01": [
            6008.265298607907
        ],
        "q10": [
            6042.3760771681455
        ],
        "q50": [
            6193.260549903133
        ],
        "q90": [
            6344.590394901598
        ],
        "q99": [
            6378.734701392093
        ]
    },
    "frame_index": {
        "min": [
            0
        ],
        "max": [
            724
        ],
        "mean": [
            188.47562156926057
        ],