{
    "episode_index": {
        "min": [
            0
        ],
        "max": [
            77
        ],
        "mean": [
            34.88620811011612
        ],
        "std": [
            20.360007110887942
        ],
        "count": [
            25573
        ],
        "q01": [
            34.88620811011612
        ],
        "q10": [
            34.88620811011614
        ],
        "q50": [
            34.88620811011614
        ],
        "q90": [
            34.886208110116165
        ],
        "q99": [
            34.886208110116165
        ]
    },
    "action": {
        "min": [
            -76.03641510009766,
            -100.00004577636719,
            -25.316200256347656,
            -58.98830032348633,
            -86.76611328125,
            0.0
        ],
        "max": [
            60.146728515625,
            27.318246841430664,
            96.82986450195312,
            94.99983978271484,
            73.68367767333984,
            100.0
        ],
        "mean": [
            -0.7976260896561941,
            -42.06318839153023,
            47.732169185055625,
            67.64708263028545,
            1.5834649346423024,
            49.76349822973675
        ],
        "std": [
            23.998258382411514,
            28.184517604487827,
            17.36908808898616,
            23.062315019821256,
            23.024113021321334,
            45.68984238181151
        ],
        "count": [
            25573
        ],
        "q01": [
            -26.300838449410772,
            -82.47389866650181,
            23.38916293358048,
            39.76371029251565,
            -23.07061335903989,
            0.23905053058443804
        ],
        "q10": [
            -22.51550959865296,
            -75.97152826835544,
            29.898431473759473,
            46.921565573612575,
            -17.452851792165532,
            0.7385946474355396
        ],
        "q50": [
            -3.1652434589849805,
            -42.85288221039062,
            49.22416052916936,
            66.50728467346775,
            -0.5615388360386036,
            61.98344569028548
        ],
        "q90": [
            27.541074767584035,
            -7.080128600079359,
            63.43884349465689,
            89.32321530419595,
            24.91359115598051,
            81.15167412031185
        ],
        "q99": [
            33.848281631590694,
            -1.7567148130483472,
            67.62166483457499,
            91.11333932328697,
            31.787852387313986,
            82.42448627977453
        ]
    },
    "task_index": {
        "min": [
            0
        ],
        "max": [
            8
        ],
        "mean": [
            1.9458804207562665
        ],
        "std": [
            2.585110112713768
        ],
        "count": [
            25573
        ],
        "q01": [
            1.9458804207562665
        ],
        "q10": [
            1.94588042075627
        ],
        "q50": [
            1.9458804207562852
        ],
        "q90": [
            1.9458804207563036
        ],
        "q99": [
            1.945880420756307
        ]
    },
    "observation.images.webcam": {
        "min": [
            [
                [
                    0.0
                ]
            ],
            [
                [
                    0.0
                ]
            ],
            [
                [
                    0.0
                ]
            ]
        ],
        "max": [
            [
                [
                    1.0
                ]
            ],
            [
                [
                    1.0
                ]
            ],
            [
                [
                    1.0
                ]
            ]
        ],
        "mean": [
            [
                [
                    0.41656130794331614
                ]
            ],
            [
                [
                    0.38960668003095333
                ]
            ],
            [
                [
                    0.39687793817252015
                ]
            ]
        ],
        "std": [
            [
                [
                    0.05914458848847189
                ]
            ],
            [
                [
                    0.057411750607471924
                ]
            ],
            [
                [
                    0.05790122254641383
                ]
            ]
        ],
        "count": [
            8064
        ],
        "q01": [
            [
                [
                    0.018525880685223425
                ]
            ],
            [
                [
                    0.01681755319105276
                ]
            ],
            [
                [
                    0.019186430285684394
                ]
            ]
        ],
        "q10": [
            [
                [
                    0.05175448878341662
                ]
            ],
            [
                [
                    0.04747929722773143
                ]
            ],
            [
                [
                    0.059911960131342624
                ]
            ]
        ],
        "q50": [
            [
                [
                    0.343511324775978
                ]
            ],
            [
                [
                    0.30893282571065617
                ]
            ],
            [
                [
                    0.32230263698496875
                ]
            ]
        ],
        "q90": [
            [
                [
                    0.9563702244809142
                ]
            ],
            [
                [
                    0.9167218420266375
                ]
            ],
            [
                [
                    0.9101251527059749
                ]
            ]
        ],
        "q99": [
            [
                [
                    0.9999724272393012
                ]
            ],
            [
                [
                    0.9921885928754632
                ]
            ],
            [
                [
                    0.9962083929801225
                ]
            ]
        ]
    },
    "observation.state": {
        "min": [
            -75.82417297363281,
            -100.35164642333984,
            -20.439559936523438,
            -57.89011001586914,
            -86.37362670898438,
            0.8447043299674988
        ],
        "max": [
            59.912086486816406,
            26.593406677246094,
            97.80220031738281,
            96.13186645507812,
            73.27472686767578,
            98.83040618896484
        ],
        "mean": [
            -0.8693540235103301,
            -40.76116682444255,
            50.099529571855406,
            67.94959297233501,
            1.513560134944156,
            51.763261457311486
        ],
        "std": [
            23.969323344664275,
            28.950039708422683,
            17.101913850394247,
            22.937362052815008,
            22.983481876291023,
            42.943951836214204
        ],
        "count": [
            25573
        ],
        "q01": [
            -26.290835478001224,
            -82.33795906037771,
            27.357674101443724,
            40.505073903856946,
            -22.937764716801535,
            6.8809521608682225
        ],
        "q10": [
            -22.634611180580034,
            -75.86772548950735,
            32.67959890222027,
            47.42798643679127,
            -17.46313940982937,
            9.309567884695756
        ],
        "q50": [
            -3.2202179981010945,
            -41.215442368787976,
            51.66975326571684,
            66.75547172726532,
            -0.6525457008136055,
            61.47959325059884
        ],